-- Department
INSERT INTO DEPARTMENT (ID_DEPARTMENT, NAME) VALUES (1, 'Recursos Humanos');
INSERT INTO DEPARTMENT (ID_DEPARTMENT, NAME) VALUES (2, 'Desarrollo');
INSERT INTO DEPARTMENT (ID_DEPARTMENT, NAME) VALUES (3, 'Ventas');
INSERT INTO DEPARTMENT (ID_DEPARTMENT, NAME) VALUES (4, 'Marketing');

-- EMPLOYEE
INSERT INTO EMPLOYEE (ID_EMPLOYEE, NAME, POSITION, SALARY, ID_DEPARTMENT) VALUES (1, 'Carlos Pérez', 'Desarrollador', 600000, 2);
INSERT INTO EMPLOYEE (ID_EMPLOYEE, NAME, POSITION, SALARY, ID_DEPARTMENT) VALUES (2, 'Ana García', 'Desarrollador', 600000, 2);
INSERT INTO EMPLOYEE (ID_EMPLOYEE, NAME, POSITION, SALARY, ID_DEPARTMENT) VALUES (3, 'Luis Fernández', 'Analista', 550000, 1);
INSERT INTO EMPLOYEE (ID_EMPLOYEE, NAME, POSITION, SALARY, ID_DEPARTMENT) VALUES (4, 'Marta Sánchez', 'Gerente de Ventas', 700000, 3);
INSERT INTO EMPLOYEE (ID_EMPLOYEE, NAME, POSITION, SALARY, ID_DEPARTMENT) VALUES (5, 'Jorge Romero', 'Vendedor', 450000, 3);
INSERT INTO EMPLOYEE (ID_EMPLOYEE, NAME, POSITION, SALARY, ID_DEPARTMENT) VALUES (6, 'Laura Pérez', 'Marketing', 480000, 4);
INSERT INTO EMPLOYEE (ID_EMPLOYEE, NAME, POSITION, SALARY, ID_DEPARTMENT) VALUES (7, 'Ramiro Andrade', 'Vendedor', 450000, 3);
INSERT INTO EMPLOYEE (ID_EMPLOYEE, NAME, POSITION, SALARY, ID_DEPARTMENT) VALUES (8, 'Andrea Fonseca', 'Marketing', 480000,4);

-- PROJECT
INSERT INTO PROJECT (ID_PROJECT, NAME, BUDGET) VALUES (1, 'PROJECT Y', 1000000);
INSERT INTO PROJECT (ID_PROJECT, NAME, BUDGET) VALUES (2, 'PROJECT X', 1500000);
INSERT INTO PROJECT (ID_PROJECT, NAME, BUDGET) VALUES (3, 'PROJECT Z', 2000000);

-- EMPLOYEE_PROJECT (relación muchos-a-muchos)
INSERT INTO EMPLOYEE_PROJECT (ID_EMPLOYEE, ID_PROJECT) VALUES (1, 1);
INSERT INTO EMPLOYEE_PROJECT (ID_EMPLOYEE, ID_PROJECT) VALUES (1, 2);
INSERT INTO EMPLOYEE_PROJECT (ID_EMPLOYEE, ID_PROJECT) VALUES (2, 3);
INSERT INTO EMPLOYEE_PROJECT (ID_EMPLOYEE, ID_PROJECT) VALUES (3, 1);
INSERT INTO EMPLOYEE_PROJECT (ID_EMPLOYEE, ID_PROJECT) VALUES (4, 2);

-- CLIENT
INSERT INTO CLIENT (ID_CLIENT, NAME, CONTACT) VALUES (1, 'Empresa ABC', 'abc@empresa.com');
INSERT INTO CLIENT (ID_CLIENT, NAME, CONTACT) VALUES (2, 'Empresa XYZ', 'xyz@empresa.com');
INSERT INTO CLIENT (ID_CLIENT, NAME, CONTACT) VALUES (3, 'Juan Pérez', 'juanperez@gmail.com');
INSERT INTO CLIENT (ID_CLIENT, NAME, CONTACT) VALUES (4, 'Laura Sánchez', 'laura@correo.com');
INSERT INTO CLIENT (ID_CLIENT, NAME, CONTACT) VALUES (5, 'Felipe Montes','felipe@correo.com');

-- FACTURE
INSERT INTO FACTURE (ID_FACTURE, ID_CLIENT, TOTAL) VALUES (1, 1, 15000);
INSERT INTO FACTURE (ID_FACTURE, ID_CLIENT, TOTAL) VALUES (2, 2, 25000);
INSERT INTO FACTURE (ID_FACTURE, ID_CLIENT, TOTAL) VALUES (3, 3, 12000);
INSERT INTO FACTURE (ID_FACTURE, ID_CLIENT, TOTAL) VALUES (4, 4, 30000);

-- PRODUCT
INSERT INTO PRODUCT (ID_PRODUCT, NAME, PRICE, STOCK) VALUES (1, 'Producto A', 100, 50);
INSERT INTO PRODUCT (ID_PRODUCT, NAME, PRICE, STOCK) VALUES (2, 'Producto B', 200, 30);
INSERT INTO PRODUCT (ID_PRODUCT, NAME, PRICE, STOCK) VALUES (3, 'Producto C', 150, 40);
INSERT INTO PRODUCT (ID_PRODUCT, NAME, PRICE, STOCK) VALUES (4, 'Producto D', 250, 25);
INSERT INTO PRODUCT (ID_PRODUCT, NAME, PRICE, STOCK) VALUES (5, 'Producto E', 300, 20);

-- FACTURE_PRODUCT (relación muchos-a-muchos)
INSERT INTO FACTURE_PRODUCT (ID_FACTURE, ID_PRODUCT) VALUES (1, 1);
INSERT INTO FACTURE_PRODUCT (ID_FACTURE, ID_PRODUCT) VALUES (1, 2);
INSERT INTO FACTURE_PRODUCT (ID_FACTURE, ID_PRODUCT) VALUES (2, 3);
INSERT INTO FACTURE_PRODUCT (ID_FACTURE, ID_PRODUCT) VALUES (3, 4);
INSERT INTO FACTURE_PRODUCT (ID_FACTURE, ID_PRODUCT) VALUES (4, 5);

-- SUPPLIER
INSERT INTO SUPPLIER (ID_SUPPLIER, NAME) VALUES (1, 'Proveedor A');
INSERT INTO SUPPLIER (ID_SUPPLIER, NAME) VALUES (2, 'Proveedor B');
INSERT INTO SUPPLIER (ID_SUPPLIER, NAME) VALUES (3, 'Proveedor C');

-- SUPPLIER_PRODUCT (relación muchos-a-muchos)
INSERT INTO SUPPLIER_PRODUCT (ID_SUPPLIER, ID_PRODUCT) VALUES (1, 1);
INSERT INTO SUPPLIER_PRODUCT (ID_SUPPLIER, ID_PRODUCT) VALUES (1, 2);
INSERT INTO SUPPLIER_PRODUCT (ID_SUPPLIER, ID_PRODUCT) VALUES (2, 3);
INSERT INTO SUPPLIER_PRODUCT (ID_SUPPLIER, ID_PRODUCT) VALUES (2, 4);
INSERT INTO SUPPLIER_PRODUCT (ID_SUPPLIER, ID_PRODUCT) VALUES (3, 5);

-- INVENTORY
INSERT INTO INVENTORY (ID_INVENTORY) VALUES (1);

-- PRODUCTOS TO INVENTORY
UPDATE PRODUCT SET ID_INVENTORY = 1 WHERE ID_PRODUCT IN (1, 2, 3, 4, 5);